,Name,Location,coordinates,lat,lon,Date established as park,"Area, acres","area, acres","area, km^2",Recreation visitors,Description,national park full name,State_x,Park Designation,Park Code,Zipcode,City,State_y,Latitude,Longitude,Total_POP,TMale,TMale21 ,TMale35,TMale65,TFemale21,TFemale35,TFemale65,TFemal
0,Acadia,Maine,44.35°N 68.21°W,44.35,-68.21,26-Feb-19,"49,076.63 acres (198.6 km2)","49,076.63",198.6,"3,537,575","Covering most of Mount Desert Island and other coastal islands, Acadia features the tallest mountain on the Atlantic coast of the United States, granite peaks, ocean shoreline, woodlands, and lakes. There are freshwater, estuary, forest, and intertidal habitats.[12][13]",Acadia National Park,ME,National Park,acad,4609,Bar Harbor,ME,44.402596,-68.26204,5425.0,2763.0,58.0,153.0,188.0,44.0,158.0,111.0,2662.0
1,Arches,Utah,38.68°N 109.57°W,38.68,-109.57,12-Nov-71,"76,678.98 acres (310.3 km2)","76,678.98",310.3,"1,663,557","This site features more than 2,000 natural sandstone arches, with some of the most popular arches in the park being Delicate Arch, Landscape Arch and Double Arch.[15] Millions of years of erosion have created these structures located in a desert climate where the arid ground has life-sustaining biological soil crusts and potholes that serve as natural water-collecting basins. Other geologic formations include stone pinnacles, fins, and balancing rocks.[16]",Arches National Park,UT,National Park,arch,84532,Moab,UT,38.572778,-109.49391999999999,10043.0,4929.0,80.0,317.0,103.0,29.0,321.0,162.0,5114.0
2,Canyonlands,Utah,38.2°N 109.93°W,38.2,-109.93,12-Sep-64,"337,597.83 acres (1,366.2 km2)","337,597.83","1,366.20","739,449","This landscape was eroded into a maze of canyons, buttes, and mesas by the combined efforts of the Colorado River, Green River, and their tributaries, which divide the park into three districts. The park also contains rock pinnacles and arches, as well as artifacts from Ancient Pueblo peoples.[24]",Canyonlands National Park,UT,National Park,cany,84532,Moab,UT,38.572778,-109.49391999999999,10043.0,4929.0,80.0,317.0,103.0,29.0,321.0,162.0,5114.0
3,Badlands,South Dakota,43.75°N 102.50°W,43.75,-102.5,10-Nov-78,"242,755.94 acres (982.4 km2)","242,755.94",982.4,"1,008,942","The Badlands are a collection of buttes, pinnacles, spires, and mixed-grass prairies. The White River Badlands contain the largest assemblage of known late Eocene and Oligocene mammal fossils.[17] The wildlife includes bison, bighorn sheep, black-footed ferrets, and prairie dogs.[18]",Badlands National Park,SD,National Park,badl,57750,Interior,SD,43.654635999999996,-101.94355,224.0,100.0,0.0,11.0,0.0,0.0,3.0,0.0,124.0
4,Big Bend,Texas,29.25°N 103.25°W,29.25,-103.25,12-Jun-44,"801,163.21 acres (3,242.2 km2)","801,163.21","3,242.20","440,091","Named for the prominent bend in the Rio Grande along the U.S.–Mexico border, this park encompasses a large and remote part of the Chihuahuan Desert. Its main attraction is backcountry recreation in the arid Chisos Mountains and in canyons along the river. A wide variety of Cretaceous and Tertiary fossils as well as cultural artifacts of Native Americans also exist within its borders.[19] (BR)[20]",Big Bend National Park,TX,National Park,bibe,79834,Big Bend National Park,TX,29.321321,-103.21085,213.0,111.0,0.0,9.0,0.0,0.0,4.0,8.0,102.0
5,Biscayne,Florida,25.65°N 80.08°W,25.65,-80.08,28-Jun-80,"172,971.11 acres (700.0 km2)","172,971.11",700,"469,253","Located in Biscayne Bay, this park at the north end of the Florida Keys has four interrelated marine ecosystems: mangrove forest, the Bay, the Keys, and coral reefs. Threatened animals include the West Indian manatee, American crocodile, various sea turtles, and peregrine falcon.[21]",Biscayne National Park,FL,National Park,bisc,33033,Homestead,FL,25.487988,-80.42692,58224.0,28526.0,343.0,1966.0,506.0,457.0,2416.0,599.0,29698.0
6,Black Canyon of The Gunnison,Colorado,38.57°N 107.72°W,38.57,-107.72,21-Oct-99,"30,779.83 acres (124.6 km2)","30,779.83",124.6,"308,962","The park protects a quarter of the Gunnison River, which slices sheer canyon walls from dark Precambrian-era rock. The canyon features some of the steepest cliffs and oldest rock in North America, and is a popular site for river rafting and rock climbing. The deep, narrow canyon is composed of gneiss and schist which appears black when in shadow.[22]",Black Canyon Of The Gunnison National Park,CO,National Park,blca,81401,Montrose,CO,38.436409000000005,-107.8625,22633.0,10950.0,183.0,590.0,312.0,83.0,598.0,466.0,11683.0
7,Bryce Canyon,Utah,37.57°N 112.18°W,37.57,-112.18,25-Feb-28,"35,835.08 acres (145.0 km2)","35,835.08",145,"2,679,478","Bryce Canyon is a geological amphitheater on the Paunsaugunt Plateau with hundreds of tall, multicolored sandstone hoodoos formed by erosion. The region was originally settled by Native Americans and later by Mormon pioneers.[23]",Bryce Canyon National Park,UT,National Park,brca,84764,Bryce,UT,37.638578,-112.20857,270.0,128.0,3.0,6.0,0.0,0.0,0.0,0.0,142.0
8,Capitol Reef,Utah,38.20°N 111.17°W,38.2,-111.17,18-Dec-71,"241,904.50 acres (979.0 km2)","241,904.50",979,"1,227,627","The park's Waterpocket Fold is a 100-mile (160 km) monocline that exhibits the earth's diverse geologic layers. Other natural features include monoliths, cliffs, and sandstone domes shaped like the United States Capitol.[25]",Capitol Reef National Park,UT,National Park,care,84775,Torrey,UT,38.340185999999996,-111.0022,301.0,113.0,4.0,0.0,0.0,7.0,6.0,0.0,188.0
9,Carlsbad Caverns,New Mexico,32.17°N 104.44°W,32.17,-104.44,14-May-30,"46,766.45 acres (189.3 km2)","46,766.45",189.3,"465,912","Carlsbad Caverns has 117 caves, the longest of which is over 120 miles (190 km) long. The Big Room is almost 4,000 feet (1,200 m) long, and the caves are home to over 400,000 Mexican free-tailed bats and sixteen other species. Above ground are the Chihuahuan Desert and Rattlesnake Springs.[26] (WHS)[27]",Carlsbad Caverns National Park,NM,National Park,cave,88220,Carlsbad,NM,32.408311,-104.29134,36708.0,18602.0,233.0,1236.0,345.0,240.0,1060.0,366.0,18106.0
10,Channel Islands,California,34.01°N 119.42°W,34.01,-119.42,5-Mar-80,"249,561.00 acres (1,009.9 km2)","249,561.00","1,009.90","366,250","Five of the eight Channel Islands are protected, and half of the park's area is underwater. The islands have a unique Mediterranean ecosystem originally settled by the Chumash people. They are home to over 2,000 species of land plants and animals, and 145 are unique to them, including the island fox. Ferry services offer transportation to the islands from the mainland.[28] (BR)[29]",Channel Islands National Park,CA,National Park,chis,93001,Ventura,CA,34.311203000000006,-119.30163999999999,33185.0,16763.0,189.0,1077.0,369.0,141.0,897.0,490.0,16422.0
11,Congaree,South Carolina,33.78°N 80.78°W,33.78,-80.78,10-Nov-03,"26,476.47 acres (107.1 km2)","26,476.47",107.1,"145,929","On the Congaree River, this park is the largest portion of old-growth floodplain forest left in North America. Some of the trees are the tallest in the eastern United States. An elevated walkway called the Boardwalk Loop guides visitors through the swamp.[30] (BR)[31]",Congaree National Park,SC,National Park,cong,29061,Hopkins,SC,33.920721,-80.84535,14605.0,7235.0,138.0,336.0,220.0,37.0,457.0,206.0,7370.0
12,Crater Lake,Oregon,42.94°N 122.1°W,42.94,-122.1,22-May-02,"183,224.05 acres (741.5 km2)","183,224.05",741.5,"720,659","Crater Lake lies in the caldera of an ancient volcano called Mount Mazama that collapsed 7,700 years ago. The lake is the deepest in the United States and is noted for its vivid blue color and water clarity. Wizard Island and the Phantom Ship are more recent volcanic formations within the caldera. As the lake has no inlets or outlets, the lake is replenished only by precipitation.[32]",Crater Lake National Park,OR,National Park,crla,97604,Crater Lake,OR,43.023645,-122.27443000000001,152.0,110.0,0.0,0.0,0.0,0.0,0.0,0.0,42.0
13,Cuyahoga Valley,Ohio,41.24°N 81.55°W,41.24,-81.55,11-Oct-00,"32,571.88 acres (131.8 km2)","32,571.88",131.8,"2,096,053","This park along the Cuyahoga River has waterfalls, hills, trails, and exhibits on early rural living. The Ohio and Erie Canal Towpath Trail follows the Ohio and Erie Canal, where mules towed canal boats. The park has numerous historic homes, bridges, and structures,[33] and also offers a scenic train ride.[34]",Cuyahoga Valley National Park,OH,National Park,cuva,44141,Brecksville,OH,41.307688,-81.61835,13830.0,6861.0,38.0,292.0,315.0,8.0,273.0,227.0,6969.0
14,Death Valley,"California, Nevada",36.24°N 116.82°W,36.24,-116.82,31-Oct-94,"3,408,406.73 acres (13,793.3 km2)","3,408,406.73","13,793.30","1,678,660","Death Valley is the hottest, lowest, and driest place in the United States, with daytime temperatures that have exceeded 130 °F (54 °C). The park protects Badwater Basin and its vast salt flats located at the lowest elevation in North America, −282 ft (−86 m).[35] The park also protects canyons, badlands, sand dunes, mountain ranges, historic mines, springs, and more than 1000 species of plants which grow in this geologic graben.[36] (BR)[37]",Death Valley National Park,NV,National Park,deva,92328,Death Valley,CA,35.945640999999995,-117.20296,354.0,205.0,2.0,30.0,0.0,2.0,15.0,10.0,149.0
15,Denali,Alaska,63.33°N 150.50°W,63.33,-150.5,26-Feb-17,"4,740,911.16 acres (19,185.8 km2)","4,740,911.16","19,185.80","594,660","Centered on Denali, the tallest and highest prominence mountain in North America, Denali is serviced by a single road leading to Wonder Lake. Denali and other peaks of the Alaska Range are covered with long glaciers and boreal forest. Wildlife includes grizzly bears, Dall sheep, Porcupine caribou, and wolves.[38] (BR)[39]",Denali National Park & Preserve,AK,National Park & Preserve,dena,99755,Denali National Park,AK,63.657441000000006,-148.83396000000002,856.0,414.0,20.0,8.0,0.0,15.0,87.0,5.0,442.0
16,Dry Tortugas,Florida,24.63°N 82.87°W,24.63,-82.87,26-Oct-92,"64,701.22 acres (261.8 km2)","64,701.22",261.8,"56,810","The islands of the Dry Tortugas, at the westernmost end of the Florida Keys, are the site of Fort Jefferson, a Civil War-era fort that is the largest masonry structure in the Western Hemisphere. The park is home to undisturbed coral reefs and shipwrecks, and is only accessible by plane or boat.[40] (BR)[41]",Dry Tortugas National Park,FL,National Park,drto,33034,Homestead,FL,25.431506,-80.51382,23281.0,12004.0,188.0,904.0,148.0,82.0,679.0,433.0,11277.0
17,Everglades,Florida,25.32°N 80.93°W,25.32,-80.93,30-May-34,"1,508,938.57 acres (6,106.5 km2)","1,508,938.57","6,106.50","597,124","The Everglades are the largest tropical wilderness in the United States. This mangrove and tropical rainforest ecosystem and marine estuary is home to 36 protected species, including the Florida panther, American crocodile, and West Indian manatee. Some areas have been drained and developed; restoration projects aim to restore the ecology.[42] (WHS)[43] (BR)[41]",Everglades National Park,FL,National Park,ever,33034,Homestead,FL,25.431506,-80.51382,23281.0,12004.0,188.0,904.0,148.0,82.0,679.0,433.0,11277.0
18,Gates of The Arctic,Alaska,67.78°N 153.30°W,67.78,-153.3,2-Dec-80,"7,523,897.45 acres (30,448.1 km2)","7,523,897.45","30,448.10","9,591","The country's northernmost park protects an expanse of pure wilderness in Alaska's Brooks Range and has no park facilities. The land is home to Alaska Natives who have relied on the land and caribou for 11,000 years.[44]",National Park & Preserve,AK,Gates Of The Arctic National Park & Preserve,gaar,99701,Fairbanks,AK,64.83507,-147.72045,17510.0,8941.0,279.0,603.0,271.0,243.0,431.0,244.0,8569.0
19,Gateway Arch,Missouri,38.63°N 90.19°W,38.63,-90.19,"February 22, 2018[45]",192.83 acres (0.8 km2),192.83,0.8,"2,016,180","The Gateway Arch is a 630-foot (192 m) (both high and wide) catenary arch built to commemorate the Lewis and Clark Expedition, initiated by Thomas Jefferson, and the subsequent westward expansion of the country. The nearby Old Courthouse, across a greenway to the west of the arch, was the first site of the Dred Scott case about slavery. A museum, located in the underground visitor center below the arch, describes the arch's construction and the country's westward expansion.[46]",Gateway Arch National Park,MO,National Park,jeff,63102,Saint Louis,MO,38.6352,-90.18701999999999,2201.0,1551.0,57.0,156.0,43.0,0.0,69.0,15.0,650.0
20,Glacier,Montana,48.80°N 114.00°W,48.8,-114.0,11-May-10,"1,013,125.99 acres (4,100.0 km2)","1,013,125.99","4,100.00","2,965,309","The U.S. half of Waterton-Glacier International Peace Park, this park includes 26 glaciers and 130 named lakes surrounded by Rocky Mountain peaks. There are historic hotels and a landmark road called the Going-to-the-Sun Road in this region of rapidly receding glaciers.[47] The local mountains, formed by an overthrust, expose Paleozoic fossils including trilobites, mollusks, giant ferns and dinosaurs.[48] (WHS)[49] (BR)[50]",Glacier National Park,MT,National Park,glac,59936,West Glacier,MT,48.497774,-113.92598999999998,401.0,208.0,6.0,2.0,4.0,0.0,0.0,17.0,193.0
21,Glacier Bay,Alaska,58.50°N 137.00°W,58.5,-137.0,2-Dec-80,"3,223,383.43 acres (13,044.6 km2)","3,223,383.43","13,044.60","597,915","Glacier Bay contains tidewater glaciers, mountains, fjords, and a temperate rainforest, and is home to large populations of grizzly bears, mountain goats, whales, seals, and eagles. When discovered in 1794 by George Vancouver, the entire bay was covered by ice, but the glaciers have since receded more than 65 miles (105 km).[51] (WHS)[52] (BR)[53]",Glacier Bay National Park & Preserve,AK,National Park & Preserve,glba,99826,Gustavus,AK,58.434052,-135.73088,416.0,192.0,0.0,8.0,23.0,0.0,4.0,19.0,224.0
22,Grand Canyon,Arizona,36.06°N 112.14°W,36.06,-112.14,26-Feb-19,"1,201,647.03 acres (4,862.9 km2)","1,201,647.03","4,862.90","6,380,495","The Grand Canyon, carved by the mighty Colorado River, is 277 miles (446 km) long, up to 1 mile (1.6 km) deep, and up to 15 miles (24 km) wide. Millions of years of erosion have exposed the multicolored layers of the Colorado Plateau in mesas and canyon walls, visible from both the north and south rims, or from a number of trails that descend into the canyon itself.[54] (WHS)[55]",Grand Canyon National Park,AZ,National Park,grca,86023,Grand Canyon,AZ,35.862292,-112.06498,2485.0,1212.0,38.0,162.0,61.0,44.0,118.0,0.0,1273.0
23,Grand Teton,Wyoming,43.73°N 110.80°W,43.73,-110.8,26-Feb-29,"310,044.36 acres (1,254.7 km2)","310,044.36","1,254.70","3,491,151","Grand Teton is the tallest mountain in the Teton Range. The park's historic Jackson Hole and reflective piedmont lakes teem with endemic wildlife, with a backdrop of craggy mountains that rise abruptly from the sage-covered valley.[56] (BR)[4]",Grand Teton National Park,WY,National Park,grte,83012,Moose,WY,43.701492,-110.83215,226.0,75.0,0.0,0.0,0.0,0.0,0.0,0.0,151.0
24,Great Basin,Nevada,38.98°N 114.30°W,38.98,-114.3,27-Oct-86,"77,180.00 acres (312.3 km2)","77,180.00",312.3,"153,094","Based around Nevada's second tallest mountain, Wheeler Peak, Great Basin National Park contains 5,000-year-old bristlecone pines, a rock glacier, and the limestone Lehman Caves. Due to its remote location, the park has some of the country's darkest night skies. Wildlife includes the Townsend's big-eared bat, pronghorn, and Bonneville cutthroat trout.[57]",Great Basin National Park,NV,National Park,grba,89311,Baker,NV,38.941805,-114.12592,121.0,57.0,11.0,0.0,9.0,0.0,0.0,0.0,64.0
25,Great Sand Dunes,Colorado,37.73°N 105.51°W,37.73,-105.51,13-Sep-04,"107,341.87 acres (434.4 km2)","107,341.87",434.4,"442,905","The tallest sand dunes in North America, up to 750 feet (230 m) tall, were formed by deposits of the ancient Rio Grande in the San Luis Valley. Abutting a variety of grasslands, shrublands, and wetlands, the park also has alpine lakes, six 13,000-foot mountains, and old-growth forests.[58]",Great Sand Dunes National Park & Preserve,CO,National Park & Preserve,grsa,81146,Mosca,CO,37.620038,-105.73101000000001,772.0,377.0,9.0,39.0,11.0,0.0,50.0,11.0,395.0
26,Great Smoky Mountains,"North Carolina, Tennessee",35.68°N 83.53°W,35.68,-83.53,15-Jun-34,"522,426.88 acres (2,114.2 km2)","522,426.88","2,114.20","11,421,200","The Great Smoky Mountains, part of the Appalachian Mountains, span a wide range of elevations, making them home to over 400 vertebrate species, 100 tree species, and 5000 plant species. Hiking is the park's main attraction, with over 800 miles (1,300 km) of trails, including 70 miles (110 km) of the Appalachian Trail. Other activities include fishing, horseback riding, and touring nearly 80 historic structures.[59] (WHS)[60] (BR)[61]",Great Smoky Mountains National Park,TN,National Park,grsm,37738,Gatlinburg,TN,35.733627,-83.47156,5555.0,2802.0,56.0,96.0,75.0,10.0,149.0,108.0,2753.0
27,Guadalupe Mountains,Texas,31.92°N 104.87°W,31.92,-104.87,15-Oct-66,"86,367.10 acres (349.5 km2)","86,367.10",349.5,"172,347","This park contains Guadalupe Peak, the highest point in Texas, as well as the scenic McKittrick Canyon filled with bigtooth maples, a corner of the arid Chihuahuan Desert, and a fossilized coral reef from the Permian era.[62]",Guadalupe Mountains National Park,TX,National Park,gumo,79847,Salt Flat,TX,31.820395,-105.30882,156.0,129.0,0.0,19.0,0.0,0.0,0.0,0.0,27.0
28,Haleakala,Hawaii,20.72°N 156.17°W,20.72,-156.17,1-Jul-61,"33,264.62 acres (134.6 km2)","33,264.62",134.6,"1,044,084","The Haleakalā volcano on Maui features a very large crater with numerous cinder cones, Hosmer's Grove of alien trees, the Kipahulu section's scenic pools of freshwater fish, and the native Hawaiian goose. The park protects the greatest number of endangered species within a U.S. National Park.[63] (BR)[64]",Haleakal&#257; National Park,HI,National Park,hale,96768,Makawao,HI,20.865115,-156.33158,18155.0,9313.0,68.0,548.0,228.0,50.0,522.0,336.0,8842.0
30,Hot Springs,Arkansas,34.51°N 93.05°W,34.51,-93.05,4-Mar-21,"5,554.15 acres (22.5 km2)","5,554.15",22.5,"1,506,887","Hot Springs was established as a federal reserve by Congress on April 20, 1832—the oldest area managed by the National Park Service. Congress redesignated Hot Springs as a national park on March 4, 1921. Natural hot springs flow out of the Ouachita Mountains, providing opportunities for relaxation in a historic setting. Bathhouse Row preserves numerous examples of 19th-century architecture.[67] Hot Springs is the first national park in a city and was the smallest national park until February 22, 2018 when the Jefferson National Expansion Memorial was redesignated Gateway Arch National Park.[68]",Hot Springs National Park,AR,National Park,hosp,71901,Hot Springs National Park,AR,34.506487,-93.01941,30003.0,14240.0,119.0,671.0,268.0,73.0,1198.0,376.0,15763.0
31,Indiana Dunes,Indiana,41.6533°N 87.0524°W,41.6533,-87.0524,15-Feb-19,"15,349.08 acres (62.1 km2)","15,349.08",62.1,"1,756,079","Previously designated a national lakeshore, the dunes run for nearly 25 miles (40 km) along the southern shore of Lake Michigan. The sandy beach adjoins a grassy prairie, bog, and wetlands home to over 2,000 species.[69]",Indiana Dunes National Park,IN,National Park,indu,46304,Chesterton,IN,41.616263000000004,-87.05883,24906.0,12714.0,106.0,882.0,283.0,0.0,851.0,444.0,12192.0
32,Isle Royale,Michigan,48.10°N 88.55°W,48.1,-88.55,3-Apr-40,"571,790.30 acres (2,314.0 km2)","571,790.30","2,314.00","25,798","The largest island in Lake Superior is a place of isolation and wilderness. Along with its many shipwrecks, waterways, and hiking trails, the park also includes over 400 smaller islands within 4.5 miles (7.2 km) of its shores. There are only 20 mammal species on the entire island, though the relationship between its wolf and moose populations is especially unique.[70] (BR)[71]",Isle Royale National Park,MI,National Park,isro,49931,Houghton,MI,47.11929,-88.57259,9642.0,6043.0,628.0,153.0,58.0,141.0,149.0,30.0,3599.0
33,Joshua Tree,California,33.79°N 115.90°W,33.79,-115.9,31-Oct-94,"795,155.85 acres (3,217.9 km2)","795,155.85","3,217.90","2,942,382","Covering large areas of the Colorado and Mojave Deserts and the Little San Bernardino Mountains, this desert landscape is populated by vast stands of Joshua trees. Large changes in elevation reveal various contrasting environments including bleached sand dunes, dry lakes, rugged mountains, and maze-like clusters of monzogranite monoliths.[72] (BR)[37]",Joshua Tree National Park,CA,National Park,jotr,92277,Twentynine Palms,CA,34.165696000000004,-116.03343000000001,23517.0,11950.0,286.0,755.0,121.0,359.0,529.0,225.0,11567.0
34,Katmai,Alaska,58.50°N 155.00°W,58.5,-155.0,2-Dec-80,"3,674,529.33 acres (14,870.3 km2)","3,674,529.33","14,870.30","37,818","This park on the Alaska Peninsula protects the Valley of Ten Thousand Smokes, an ash flow formed by the 1912 eruption of Novarupta, as well as Mount Katmai. Over 2,000 grizzly bears come here each year to catch spawning salmon. Other wildlife includes caribou, wolves, moose, and wolverines.[73]",Katmai National Park & Preserve,AK,National Park & Preserve,katm,99613,King Salmon,AK,58.687445999999994,-156.64007,455.0,266.0,1.0,29.0,5.0,3.0,15.0,0.0,189.0
35,Kenai Fjords,Alaska,59.92°N 149.65°W,59.92,-149.65,2-Dec-80,"669,650.05 acres (2,710.0 km2)","669,650.05","2,710.00","321,596","Near Seward on the Kenai Peninsula, this park protects the Harding Icefield and at least 38 glaciers and fjords stemming from it. The only area accessible to the public by road is Exit Glacier; the rest must be viewed or reached from boat tours.[74]",Kenai Fjords National Park,AK,National Park,kefj,99664,Seward,AK,60.151652,-149.41271,4575.0,2670.0,23.0,187.0,34.0,45.0,61.0,67.0,1905.0
36,Kings Canyon,California,36.80°N 118.55°W,36.8,-118.55,4-Mar-40,"461,901.20 acres (1,869.2 km2)","461,901.20","1,869.20","699,023","Home to several giant sequoia groves and the General Grant Tree, the world's second largest measured tree, this park also features part of the Kings River, sculptor of the dramatic granite canyon that is its namesake, and the San Joaquin River, as well as Boyden Cave.[75] Although Kings Canyon National Park was designated as such in 1940, it subsumed General Grant National Park, which had been established on October 1, 1890 as the United States' fourth national park.[76][77][78](BR)[79]",Sequoia & Kings Canyon National Parks,CA,National Parks,seki,93271,Three Rivers,CA,36.431565,-118.86296000000002,2432.0,1292.0,8.0,47.0,72.0,0.0,74.0,70.0,1140.0
37,Sequoia,California,36.43°N 118.68°W,36.43,-118.68,"September 25, 1890","404,062.63 acres (1,635.2 km2)","404,062.63","1,635.20","1,229,594","This park protects the Giant Forest, which boasts some of the world's largest trees, the General Sherman being the largest measured tree in the park. Other features include over 240 caves, a long segment of the Sierra Nevada including the tallest mountain in the contiguous United States, and Moro Rock, a large granite dome.[102] (BR)[79]",Sequoia & Kings Canyon National Parks,CA,National Parks,seki,93271,Three Rivers,CA,36.431565,-118.86296000000002,2432.0,1292.0,8.0,47.0,72.0,0.0,74.0,70.0,1140.0
38,Kobuk Valley,Alaska,67.55°N 159.28°W,67.55,-159.28,2-Dec-80,"1,750,716.16 acres (7,084.9 km2)","1,750,716.16","7,084.90","14,937","Kobuk Valley protects 61 miles (98 km) of the Kobuk River and three regions of sand dunes. Created by glaciers, the Great Kobuk, Little Kobuk, and Hunt River Sand Dunes can reach 100 feet (30 m) high and 100 °F (38 °C), and they are the largest dunes in the Arctic. Twice a year, half a million caribou migrate through the dunes and across river bluffs that expose well-preserved ice age fossils.[80]",Kobuk Valley National Park,AK,National Park,kova,99752,Kotzebue,AK,66.897192,-162.58543999999998,3370.0,1811.0,39.0,116.0,21.0,30.0,87.0,24.0,1559.0
39,Lake Clark,Alaska,60.97°N 153.42°W,60.97,-153.42,2-Dec-80,"2,619,816.49 acres (10,602.0 km2)","2,619,816.49","10,602.00","14,479","The region around Lake Clark features four active volcanoes, including Mount Redoubt, as well as an abundance of rivers, glaciers, and waterfalls. Temperate rainforests, a tundra plateau, and three mountain ranges complete the landscape.[81]",Lake Clark National Park & Preserve,AK,National Park & Preserve,lacl,99653,Port Alsworth,AK,60.10233100000001,-154.55708,151.0,72.0,0.0,10.0,1.0,0.0,7.0,0.0,79.0
40,Lassen Volcanic,California,40.49°N 121.51°W,40.49,-121.51,9-Aug-16,"106,589.02 acres (431.4 km2)","106,589.02",431.4,"499,435","Lassen Peak, the largest lava dome volcano in the world, is joined by all three other types of volcanoes in this park: shield, cinder cone, and composite. Though Lassen itself last erupted in 1915, most of the rest of the park is continuously active. Numerous hydrothermal features, including fumaroles, boiling pools, and bubbling mud pots, are heated by molten rock from beneath the peak.[82]",Lassen Volcanic National Park,CA,National Park,lavo,96063,Mineral,CA,40.371043,-121.58245,292.0,184.0,0.0,18.0,2.0,0.0,0.0,0.0,108.0
41,Mammoth Cave,Kentucky,37.18°N 86.10°W,37.18,-86.1,1-Jul-41,"54,011.91 acres (218.6 km2)","54,011.91",218.6,"533,206","With more than 400 miles (640 km) of passageways explored, Mammoth Cave is the world's longest known cave system. Subterranean wildlife includes eight bat species, Kentucky cave shrimp, Northern cavefish, and cave salamanders. Above ground, the park provides recreation on the Green River, 70 miles of hiking trails, and plenty of sinkholes and springs.[83] (WHS)[84] (BR)[85]",Mammoth Cave National Park,KY,National Park,maca,42259,Mammoth Cave,KY,37.274689,-86.19818000000001,1256.0,732.0,38.0,32.0,11.0,2.0,16.0,14.0,524.0
42,Mesa Verde,Colorado,37.18°N 108.49°W,37.18,-108.49,29-Jun-06,"52,485.17 acres (212.4 km2)","52,485.17",212.4,"563,420","This area constitutes over 4,000 archaeological sites of the Ancestral Puebloan people, who lived here and elsewhere in the Four Corners region for at least 700 years. Cliff dwellings built in the 12th and 13th centuries include Cliff Palace, which has 150 rooms and 23 kivas, and the Balcony House, with its many passages and tunnels.[86] (WHS)[87]",Mesa Verde National Park,CO,National Park,meve,81330,Mesa Verde National Park,CO,37.237814,-108.50424,94.0,47.0,0.0,0.0,0.0,0.0,22.0,0.0,47.0
43,Mount Rainier,Washington,46.85°N 121.75°W,46.85,-121.75,"March 2, 1899","236,381.64 acres (956.6 km2)","236,381.64",956.6,"1,518,491","Mount Rainier, an active stratovolcano, is the most prominent peak in the Cascades and is covered by 26 named glaciers including Carbon Glacier and Emmons Glacier, the largest in the contiguous United States. The mountain is popular for climbing, and more than half of the park is covered by subalpine and alpine forests and meadows seasonally in bloom with wildflowers. Paradise on the south slope is the snowiest place on Earth where snowfall is measured regularly.[88] The Longmire visitor center is the start of the Wonderland Trail, which encircles the mountain.[89]",Mount Rainier National Park,WA,National Park,mora,98304,Ashford,WA,46.75523,-122.01543999999998,634.0,356.0,0.0,26.0,15.0,0.0,0.0,29.0,278.0
44,North Cascades,Washington,48.70°N 121.20°W,48.7,-121.2,2-Oct-68,"504,780.94 acres (2,042.8 km2)","504,780.94","2,042.80","30,085","This complex includes two geographically distinct units of the national park, as well as Ross Lake and Lake Chelan National Recreation Areas. The highly glaciated mountains are spectacular examples of Cascade geology. Popular hiking and climbing areas include Cascade Pass, Mount Shuksan, Mount Triumph, and Eldorado Peak.[90]",North Cascades National Park,WA,National Park,noca,98284,Sedro Woolley,WA,48.518653,-122.16545,26961.0,13470.0,312.0,964.0,321.0,105.0,658.0,291.0,13491.0
45,Olympic,Washington,47.97°N 123.50°W,47.97,-123.5,29-Jun-38,"922,649.41 acres (3,733.8 km2)","922,649.41","3,733.80","3,104,455","Situated on the Olympic Peninsula, this park includes a wide range of ecosystems from Pacific shoreline to temperate rainforests to the alpine slopes of the Olympic Mountains, the tallest of which is Mount Olympus. The Hoh Rainforest and Quinault Rainforest are the wettest area in the contiguous United States, with the Hoh receiving an average of almost 12 ft (3.7 m) of rain every year.[91][92] (WHS)[93] (BR)[94]",Olympic National Park,WA,National Park,olym,98362,Port Angeles,WA,48.097144,-123.40628000000001,23740.0,11671.0,204.0,537.0,356.0,129.0,534.0,465.0,12069.0
46,Petrified Forest,Arizona,35.07°N 109.78°W,35.07,-109.78,9-Dec-62,"221,390.21 acres (895.9 km2)","221,390.21",895.9,"644,922",This portion of the Chinle Formation has a large concentration of 225-million-year-old petrified wood. The surrounding Painted Desert features eroded cliffs of red-hued volcanic rock called bentonite. Dinosaur fossils and over 350 Native American sites are also protected in this park.[95],Petrified Forest National Park,AZ,National Park,pefo,86028,Petrified Forest Natl Pk,AZ,35.237487,-109.52295,0.0,0.0,0.0,0.0,0.0,0.0,0.0,0.0,0.0
47,Pinnacles,California,36.48°N 121.16°W,36.48,-121.16,10-Jan-13,"26,685.73 acres (108.0 km2)","26,685.73",108,"222,152","Named for the eroded leftovers of a portion of an extinct volcano, the park's massive black and gold monoliths of andesite and rhyolite are a popular destination for rock climbers. Hikers have access to trails crossing the Coast Range wilderness. The park is home to the endangered California condor (Gymnogyps californianus) and one of the few locations in the world where these extremely rare birds can be seen in the wild. Pinnacles also supports a dense population of prairie falcons, and more than 13 species of bat which populate its talus caves.[96]",Pinnacles National Park,CA,National Park,pinn,95043,Paicines,CA,36.504585999999996,-121.01515,732.0,376.0,0.0,15.0,15.0,8.0,23.0,13.0,356.0
48,Redwood,California,41.30°N 124.00°W,41.3,-124.0,2-Oct-68,"138,999.37 acres (562.5 km2)","138,999.37",562.5,"482,536","This park and the co-managed state parks protect almost half of all remaining coastal redwoods, the tallest trees on earth. There are three large river systems in this very seismically active area, and 37 miles (60 km) of protected coastline reveal tide pools and seastacks. The prairie, estuary, coast, river, and forest ecosystems contain a wide variety of animal and plant species.[97] (WHS)[98]",Redwood National and State Parks,CA,National and State Parks,redw,95531,Crescent City,CA,41.782681,-124.16703000000001,23470.0,12672.0,48.0,1146.0,359.0,75.0,654.0,290.0,10798.0
49,Rocky Mountain,Colorado,40.40°N 105.58°W,40.4,-105.58,26-Jan-15,"265,807.25 acres (1,075.7 km2)","265,807.25","1,075.70","4,590,493","Bisected north to south by the Continental Divide, this portion of the Rockies has ecosystems varying from over 150 riparian lakes to montane and subalpine forests to treeless alpine tundra. Wildlife including mule deer, bighorn sheep, black bears, and cougars inhabit its igneous mountains and glacial valleys. Longs Peak, a classic Colorado fourteener, and the scenic Bear Lake are popular destinations, as well as the historic Trail Ridge Road, which reaches an elevation of more than 12,000 feet (3,700 m).[99] (BR)[100]",Rocky Mountain National Park,CO,National Park,romo,80517,Estes Park,CO,40.370415,-105.51722,10012.0,4717.0,37.0,227.0,229.0,43.0,179.0,234.0,5295.0
50,Saguaro,Arizona,32.25°N 110.50°W,32.25,-110.5,14-Oct-94,"91,715.72 acres (371.2 km2)","91,715.72",371.2,"957,405","Split into the separate Rincon Mountain and Tucson Mountain districts, this park is evidence that the dry Sonoran Desert is still home to a great variety of life spanning six biotic communities. Beyond the namesake giant saguaro cacti, there are barrel cacti, chollas, and prickly pears, as well as lesser long-nosed bats, spotted owls, and javelinas.[101]",Saguaro National Park,AZ,National Park,sagu,85730,Tucson,AZ,32.179227000000004,-110.81031999999999,38219.0,18411.0,469.0,1086.0,364.0,384.0,1153.0,709.0,19808.0
51,Shenandoah,Virginia,38.53°N 78.35°W,38.53,-78.35,26-Dec-35,"199,223.77 acres (806.2 km2)","199,223.77",806.2,"1,264,880","Shenandoah's Blue Ridge Mountains are covered by hardwood forests that teem with a wide variety of wildlife. The Skyline Drive and Appalachian Trail run the entire length of this narrow park, along with more than 500 miles (800 km) of hiking trails passing scenic overlooks and cataracts of the Shenandoah River.[103]",Shenandoah National Park,VA,National Park,shen,22835,Luray,VA,38.665615,-78.45621,11636.0,5750.0,34.0,282.0,194.0,47.0,419.0,172.0,5886.0
52,Theodore Roosevelt,North Dakota,46.97°N 103.45°W,46.97,-103.45,10-Nov-78,"70,446.89 acres (285.1 km2)","70,446.89",285.1,"749,389","This region that enticed and influenced President Theodore Roosevelt consists of a park of three units in the northern badlands. Besides Roosevelt's historic cabin, there are numerous scenic drives and backcountry hiking opportunities. Wildlife includes American bison, pronghorn, bighorn sheep, and wild horses.[104]",Theodore Roosevelt National Park,ND,National Park,thro,58645,Medora,ND,46.92752,-103.56872,282.0,160.0,0.0,17.0,6.0,0.0,5.0,7.0,122.0
53,Voyageurs,Minnesota,48.50°N 92.88°W,48.5,-92.88,8-Jan-71,"218,222.35 acres (883.1 km2)","218,222.35",883.1,"239,656","This park protecting four lakes near the Canada–US border is a site for canoeing, kayaking, and fishing. The park also preserves a history populated by Ojibwe Native Americans, French fur traders called voyageurs, and gold miners. Formed by glaciers, the region features tall bluffs, rock gardens, islands, bays, and several historic buildings.[106]",Voyageurs National Park,MN,National Park,voya,56649,International Falls,MN,48.579947,-93.38141999999999,9210.0,4587.0,117.0,236.0,104.0,65.0,172.0,122.0,4623.0
54,White Sands,New Mexico,32.78°N 106.17°W,32.78,-106.17,"December 20, 2019[107]","146,344.31 acres (592.2 km2)","146,344.31",592.2,"603,008","Located in the mountain-ringed Tularosa Basin, White Sands consists of the southern part of a 275-square-mile (710 km2) field of white sand dunes composed of gypsum crystals—the world's largest gypsum dunefield. The park is completely within the White Sands Missile Range and is subject to closure when tests are conducted.[108]",White Sands National Park,NM,National Park,whsa,88310,Alamogordo,NM,32.839921000000004,-105.97561,36282.0,17986.0,480.0,962.0,434.0,196.0,1213.0,524.0,18296.0
55,Wind Cave,South Dakota,43.57°N 103.48°W,43.57,-103.48,9-Jan-03,"33,970.84 acres (137.5 km2)","33,970.84",137.5,"656,397","Wind Cave is distinctive for its calcite fin formations called boxwork, a unique formation rarely found elsewhere, and needle-like growths called frostwork. The cave is one of the longest and most complex caves in the world. Above ground is a mixed-grass prairie with animals such as bison, black-footed ferrets, and prairie dogs, and ponderosa pine forests that are home to cougars and elk.[109] The cave is culturally significant to the Lakota people as the site ""from which Wakan Tanka, the Great Mystery, sent the buffalo out into their hunting grounds.""[110]",Wind Cave National Park,SD,National Park,wica,57747,Hot Springs,SD,43.401616,-103.5051,5915.0,2936.0,0.0,96.0,120.0,5.0,70.0,135.0,2979.0
56,Wrangell,Alaska,61.00°N 142.00°W,61.0,-142.0,2-Dec-80,"8,323,146.48 acres (33,682.6 km2)","8,323,146.48","33,682.60","79,450","An over 8 million acres (32,375 km2) plot of mountainous country—the largest national park in the system—protects the convergence of the Alaska, Chugach, and Wrangell-Saint Elias Ranges, which include many of the continent's tallest mountains and volcanoes, including the 18,008-foot Mount Saint Elias. More than a quarter of the park is covered with glaciers, including the tidewater Hubbard Glacier, piedmont Malaspina Glacier, and valley Nabesna Glacier.[111] (WHS)[52]",Wrangell - St Elias National Park & Preserve,AK,National Park & Preserve,wrst,99573,Copper Center,AK,61.832347,-145.2308,540.0,261.0,0.0,15.0,1.0,2.0,27.0,5.0,279.0
57,Yellowstone,"Wyoming, Montana, Idaho",44.60°N 110.50°W,44.6,-110.5,"March 1, 1872","2,219,790.71 acres (8,983.2 km2)","2,219,790.71","8,983.20","4,115,000","Situated on the Yellowstone Caldera, the park has an expansive network of geothermal areas including boiling mud pots, vividly colored hot springs such as Grand Prismatic Spring, and regularly erupting geysers, the best-known being Old Faithful. The yellow-hued Grand Canyon of the Yellowstone River contains several high waterfalls, and four mountain ranges traverse the park. More than 60 mammal species including timber wolves, grizzly bears, black bears, lynxes, bison, and elk, make this park one of the best wildlife viewing spots in the country.[112] (WHS)[113] (BR)[114]",Yellowstone National Park,WY,National Park,yell,82190,Yellowstone National Park,WY,44.890668,-110.89421000000002,1075.0,533.0,34.0,3.0,7.0,29.0,4.0,9.0,542.0
58,Yosemite,California,37.83°N 119.50°W,37.83,-119.5,"October 1, 1890","761,747.50 acres (3,082.7 km2)","761,747.50","3,082.70","4,009,436","Yosemite features sheer granite cliffs, exceptionally tall waterfalls, and old-growth forests at a unique intersection of geology and hydrology. Half Dome and El Capitan rise from the park's centerpiece, the glacier-carved Yosemite Valley, and from its vertical walls drop Yosemite Falls, one of North America's tallest waterfalls at 2,425 feet (739 m) high. Three giant sequoia groves, along with a pristine wilderness in the heart of the Sierra Nevada, are home to a wide variety of rare plant and animal species.[115] (WHS)[116]",Yosemite National Park,CA,National Park,yose,95389,Yosemite National Park,CA,37.699662,-119.67528999999999,1392.0,882.0,19.0,136.0,39.0,5.0,21.0,0.0,510.0
59,Zion,Utah,37.30°N 113.05°W,37.3,-113.05,19-Nov-19,"147,242.66 acres (595.9 km2)","147,242.66",595.9,"4,320,033","Located at the junction of the Colorado Plateau, Great Basin, and Mojave Desert, this park contains sandstone features such as mesas, rock towers, and canyons, including the Virgin River Narrows. The various sandstone formations and the forks of the Virgin River create a wilderness divided into four ecosystems: desert, riparian, woodland, and coniferous forest.[117]",Zion National Park,UT,National Park,zion,84767,Springdale,UT,37.186249,-113.013922,540.0,291.0,0.0,31.0,6.0,13.0,8.0,12.0,249.0
